"periode","meme_commune"
"1984-1988",13.0589705
"1988-1992",10.2626334
"1992-1996",11.0126652
"1997-2001",11.7664304
"2002-2006",10.4213701
"2009-2013",9.1764508
